,Platform,Year,Genre,Global_Sales
8293,3DS,2016,Role-Playing,0.17
13647,PS4,2016,Action,0.04
13596,3DS,2016,Misc,0.04
13602,PSV,2016,Action,0.04
13614,PS4,2016,Misc,0.04
13620,PS3,2016,Action,0.04
4658,3DS,2016,Action,0.42
13650,XOne,2016,Action,0.04
13562,PC,2016,Adventure,0.04
13702,PS4,2016,Strategy,0.04
13763,XOne,2016,Fighting,0.04
13789,PS3,2016,Role-Playing,0.04
4513,WiiU,2016,Misc,0.43
4820,XOne,2016,Sports,0.4
13529,XOne,2016,Sports,0.04
16344,PC,2016,Simulation,0.01
16323,PC,2016,Racing,0.01
13508,PS4,2016,Racing,0.04
13492,PS3,2016,Sports,0.04
13490,XOne,2016,Action,0.04
13487,PS4,2016,Misc,0.04
5015,XOne,2016,Racing,0.38
13436,PC,2016,Shooter,0.05
13435,PS4,2016,Platform,0.05
5056,PS3,2016,Sports,0.38
5096,PS4,2016,Adventure,0.37
5104,PC,2016,Shooter,0.37
5172,PS4,2016,Action,0.36
5268,XOne,2016,Role-Playing,0.35
4509,PC,2016,Shooter,0.43
4430,XOne,2016,Shooter,0.44
13845,3DS,2016,Adventure,0.04
13267,PSV,2016,Action,0.05
3648,3DS,2016,Action,0.55
3746,PS4,2016,Action,0.54
14313,PSV,2016,Fighting,0.03
14306,3DS,2016,Platform,0.03
14301,3DS,2016,Action,0.03
16276,XOne,2016,Racing,0.01
14233,PS4,2016,Racing,0.03
14201,PSV,2016,Sports,0.03
14186,XOne,2016,Action,0.03
3927,XOne,2016,Action,0.51
14178,PS3,2016,Misc,0.03
14138,PS4,2016,Shooter,0.03
14092,PS4,2016,Adventure,0.04
16290,PSV,2016,Adventure,0.01
14073,PSV,2016,Action,0.04
14005,3DS,2016,Adventure,0.04
13994,XOne,2016,Shooter,0.04
13981,3DS,2016,Misc,0.04
4261,3DS,2016,Action,0.46
13950,XOne,2016,Shooter,0.04
4350,PS4,2016,Shooter,0.45
13886,PSV,2016,Action,0.04
13885,PS4,2016,Misc,0.04
13881,PS4,2016,Sports,0.04
13871,XOne,2016,Action,0.04
13868,PSV,2016,Misc,0.04
16319,PSV,2016,Action,0.01
5288,WiiU,2016,Shooter,0.35
13232,PS3,2016,Sports,0.05
5922,PS4,2016,Role-Playing,0.3
12683,3DS,2016,Misc,0.06
6087,PC,2016,Role-Playing,0.29
6124,PS4,2016,Fighting,0.28
12644,PS4,2016,Role-Playing,0.06
6136,PS4,2016,Sports,0.28
12631,PS3,2016,Misc,0.06
12616,3DS,2016,Action,0.06
6157,XOne,2016,Fighting,0.28
12591,PSV,2016,Action,0.06
12579,XOne,2016,Action,0.06
6203,PS4,2016,Action,0.28
6205,PS4,2016,Sports,0.28
16429,XOne,2016,Simulation,0.01
12563,PS3,2016,Action,0.06
16431,PSV,2016,Adventure,0.01
12523,PS4,2016,Shooter,0.06
12488,PS3,2016,Role-Playing,0.06
12450,PSV,2016,Adventure,0.06
6380,PS4,2016,Racing,0.27
6390,3DS,2016,Adventure,0.27
12432,3DS,2016,Adventure,0.06
12412,PS3,2016,Sports,0.06
12402,PS4,2016,Racing,0.06
12388,PS4,2016,Action,0.06
16448,XOne,2016,Action,0.01
6588,WiiU,2016,Action,0.26
12234,3DS,2016,Action,0.07
5929,PSV,2016,Role-Playing,0.3
12835,PS4,2016,Action,0.05
5383,X360,2016,Action,0.34
12869,X360,2016,Sports,0.05
13174,XOne,2016,Racing,0.05
13170,PS4,2016,Sports,0.05
5426,PS4,2016,Role-Playing,0.34
5499,PS4,2016,Role-Playing,0.33
13100,PC,2016,Platform,0.05
13095,PS4,2016,Role-Playing,0.05
13080,PSV,2016,Role-Playing,0.05
16386,PC,2016,Action,0.01
5595,XOne,2016,Action,0.32
13044,PC,2016,Fighting,0.05
5621,PS4,2016,Action,0.32
13029,PS4,2016,Racing,0.05
5633,PS4,2016,Racing,0.32
13020,PSV,2016,Role-Playing,0.05
5661,PS4,2016,Platform,0.32
12987,PS4,2016,Sports,0.05
5696,PS3,2016,Action,0.32
5729,PS4,2016,Shooter,0.31
12954,3DS,2016,Strategy,0.05
12938,PC,2016,Sports,0.05
12932,PSV,2016,Misc,0.05
16399,PC,2016,Role-Playing,0.01
12930,PS3,2016,Action,0.05
12925,PS4,2016,Action,0.05
12913,PSV,2016,Action,0.05
12899,PC,2016,Role-Playing,0.05
351,PS4,2016,Shooter,3.61
14383,PC,2016,Strategy,0.03
14427,PS4,2016,Action,0.03
12133,PS4,2016,Shooter,0.07
15481,PS4,2016,Adventure,0.02
15658,PC,2016,Action,0.02
1568,3DS,2016,Action,1.27
15613,PS3,2016,Action,0.02
15598,PS3,2016,Shooter,0.02
1628,PS4,2016,Sports,1.23
15566,PS3,2016,Misc,0.02
16133,PSV,2016,Action,0.01
1701,PS4,2016,Sports,1.19
16136,PS4,2016,Action,0.01
1727,PS4,2016,Platform,1.17
15508,PSV,2016,Adventure,0.02
15507,PS3,2016,Action,0.02
15496,PSV,2016,Action,0.02
15475,PS4,2016,Role-Playing,0.02
15338,PS4,2016,Action,0.02
15470,PC,2016,Adventure,0.02
15466,WiiU,2016,Platform,0.02
15464,PS4,2016,Sports,0.02
15437,PC,2016,Action,0.02
15415,PC,2016,Simulation,0.02
15409,PC,2016,Role-Playing,0.02
15403,PS4,2016,Action,0.02
770,PS4,2016,Action,2.13
15400,PSV,2016,Adventure,0.02
15394,PS4,2016,Action,0.02
1958,PS4,2016,Fighting,1.06
15369,PSV,2016,Role-Playing,0.02
15341,XOne,2016,Role-Playing,0.02
15684,PS4,2016,Simulation,0.02
15714,PS4,2016,Action,0.02
15716,PSV,2016,Adventure,0.02
15720,XOne,2016,Action,0.02
16051,PC,2016,Strategy,0.01
16048,PS4,2016,Misc,0.01
16036,PS3,2016,Misc,0.01
16028,PSV,2016,Adventure,0.01
16020,PSV,2016,Action,0.01
16019,PS4,2016,Action,0.01
15998,3DS,2016,Fighting,0.01
1026,PS4,2016,Shooter,1.73
15982,3DS,2016,Action,0.01
15981,PSV,2016,Action,0.01
15946,PS4,2016,Shooter,0.02
15944,PSV,2016,Adventure,0.02
16095,PS4,2016,Action,0.01
15940,PS4,2016,Action,0.02
1156,PS4,2016,Action,1.6
15886,PS4,2016,Fighting,0.02
15885,PSV,2016,Adventure,0.02
1189,PS4,2016,Role-Playing,1.56
15862,PSV,2016,Adventure,0.02
1224,XOne,2016,Sports,1.53
15852,PS4,2016,Shooter,0.02
15804,X360,2016,Shooter,0.02
15801,XOne,2016,Strategy,0.02
1389,PS4,2016,Shooter,1.39
845,XOne,2016,Shooter,2.01
15726,PC,2016,Adventure,0.02
15339,PC,2016,Shooter,0.02
15300,PC,2016,Racing,0.02
16260,PS4,2016,Action,0.01
14680,PS4,2016,Action,0.03
14847,WiiU,2016,Action,0.03
14811,PS4,2016,Action,0.03
16220,PS4,2016,Action,0.01
16222,XOne,2016,Action,0.01
2991,XOne,2016,Shooter,0.68
16224,PSV,2016,Role-Playing,0.01
14776,3DS,2016,Misc,0.03
14755,PC,2016,Racing,0.03
14738,XOne,2016,Sports,0.03
14718,PS3,2016,Action,0.03
3145,XOne,2016,Sports,0.64
3149,PS4,2016,Action,0.64
14692,PSV,2016,Action,0.03
3221,3DS,2016,Role-Playing,0.63
15292,PSV,2016,Adventure,0.02
16235,PSV,2016,Adventure,0.01
16236,PS3,2016,Adventure,0.01
14640,PSV,2016,Adventure,0.03
14635,PC,2016,Strategy,0.03
16244,PC,2016,Racing,0.01
14614,3DS,2016,Action,0.03
14610,3DS,2016,Role-Playing,0.03
14609,XOne,2016,Action,0.03
16252,WiiU,2016,Adventure,0.01
14555,PC,2016,Sports,0.03
14530,PC,2016,Racing,0.03
14482,X360,2016,Action,0.03
14463,PSV,2016,Role-Playing,0.03
14867,PSV,2016,Adventure,0.03
14896,PS4,2016,Adventure,0.03
14909,PSV,2016,Role-Playing,0.02
14913,XOne,2016,Action,0.02
15281,PSV,2016,Adventure,0.02
16175,PS4,2016,Action,0.01
2212,WiiU,2016,Action,0.94
2242,WiiU,2016,Fighting,0.93
15203,XOne,2016,Racing,0.02
15184,PSV,2016,Action,0.02
15166,PS4,2016,Action,0.02
2342,PS4,2016,Sports,0.89
15150,PC,2016,Sports,0.02
2434,XOne,2016,Action,0.85
2444,XOne,2016,Shooter,0.85
2448,3DS,2016,Action,0.85
2457,PS4,2016,Action,0.84
15096,PSV,2016,Role-Playing,0.02
15082,PS4,2016,Action,0.02
2505,XOne,2016,Sports,0.82
2511,PS4,2016,Fighting,0.82
15070,PSV,2016,Action,0.02
15052,XOne,2016,Racing,0.02
15036,PS4,2016,Role-Playing,0.02
16203,PSV,2016,Adventure,0.01
15016,PS3,2016,Misc,0.02
15006,PSV,2016,Action,0.02
14983,X360,2016,Sports,0.02
14968,3DS,2016,Simulation,0.02
14966,PC,2016,Simulation,0.02
14955,PS3,2016,Action,0.02
271,PS4,2016,Shooter,4.2
9878,PS4,2016,Action,0.12
8400,PS4,2016,Sports,0.17
8657,PS4,2016,Adventure,0.16
8751,XOne,2016,Sports,0.15
8087,PS4,2016,Role-Playing,0.18
9438,PSV,2016,Action,0.13
16569,XOne,2016,Shooter,0.01
10731,PC,2016,Adventure,0.1
10733,PS3,2016,Role-Playing,0.1
11167,WiiU,2016,Action,0.09
16570,PS4,2016,Simulation,0.01
7246,PS4,2016,Role-Playing,0.22
11803,XOne,2016,Action,0.07
7220,PS4,2016,Role-Playing,0.22
10156,PS3,2016,Sports,0.11
11841,PS4,2016,Action,0.07
10814,XOne,2016,Action,0.1
7072,PS4,2016,Sports,0.23
8138,PC,2016,Shooter,0.18
221,PS4,2016,Sports,4.77
10827,3DS,2016,Action,0.09
10844,PS4,2016,Action,0.09
9538,PS3,2016,Action,0.13
10852,PS4,2016,Fighting,0.09
7180,PS4,2016,Shooter,0.22
11140,XOne,2016,Racing,0.09
8190,X360,2016,Sports,0.18
10889,PSV,2016,Action,0.09
8221,PSV,2016,Sports,0.17
10047,XOne,2016,Adventure,0.11
11895,PS4,2016,Fighting,0.07
11742,PS4,2016,Platform,0.07
11704,PS3,2016,Sports,0.08
8063,3DS,2016,Action,0.18
10231,PS3,2016,Role-Playing,0.11
11424,PS4,2016,Action,0.08
7672,3DS,2016,Action,0.2
7651,PS4,2016,Shooter,0.2
7812,3DS,2016,Simulation,0.19
8947,XOne,2016,Role-Playing,0.15
16555,PC,2016,Strategy,0.01
11520,PS4,2016,Racing,0.08
7575,PS4,2016,Sports,0.2
10393,PSV,2016,Action,0.11
7848,PSV,2016,Action,0.19
11550,XOne,2016,Shooter,0.08
10591,PC,2016,Strategy,0.1
10363,X360,2016,Action,0.11
7892,PS4,2016,Action,0.19
8872,PSV,2016,Role-Playing,0.15
7564,PC,2016,Strategy,0.2
16562,XOne,2016,Platform,0.01
8860,XOne,2016,Platform,0.15
9250,PC,2016,Action,0.14
11564,X360,2016,Sports,0.08
10283,PS4,2016,Role-Playing,0.11
11581,PS4,2016,Action,0.08
10264,PSV,2016,Fighting,0.11
16550,PS4,2016,Action,0.01
7497,PS4,2016,Action,0.2
11618,3DS,2016,Action,0.08
11242,PSV,2016,Role-Playing,0.09
10040,PS3,2016,Sports,0.11
7721,3DS,2016,Platform,0.2
7060,PSV,2016,Action,0.23
9711,XOne,2016,Sports,0.12
11065,PS4,2016,Misc,0.09
11010,3DS,2016,Action,0.09
9904,PS3,2016,Role-Playing,0.12
9993,PS4,2016,Action,0.12
6972,PSV,2016,Action,0.23
9700,XOne,2016,Shooter,0.12
9909,3DS,2016,Role-Playing,0.12
16530,XOne,2016,Racing,0.01
16531,XOne,2016,Action,0.01
16472,3DS,2016,Action,0.01
6955,WiiU,2016,Action,0.23
16589,PSV,2016,Action,0.01
12005,PC,2016,Shooter,0.07
12012,PS3,2016,Fighting,0.07
9811,PSV,2016,Action,0.12
9922,PS3,2016,Adventure,0.12
8444,3DS,2016,Role-Playing,0.17
6910,XOne,2016,Action,0.24
9680,PS3,2016,Action,0.12
8409,PS4,2016,Role-Playing,0.17
9646,XOne,2016,Shooter,0.13
8466,PS3,2016,Action,0.16
9900,PSV,2016,Action,0.12
10912,PSV,2016,Action,0.09
10954,PS4,2016,Simulation,0.09
9898,PSV,2016,Misc,0.12
10038,XOne,2016,Racing,0.11
16576,XOne,2016,Sports,0.01
16474,PC,2016,Strategy,0.01
15040,PSV,2015,Action,0.02
3349,3DS,2015,Action,0.6
10507,XOne,2015,Shooter,0.1
15153,XOne,2015,Sports,0.02
14559,PSV,2015,Role-Playing,0.03
8856,3DS,2015,Simulation,0.15
2577,PS3,2015,Sports,0.8
2554,XOne,2015,Action,0.81
10947,PC,2015,Sports,0.09
15103,PS3,2015,Fighting,0.02
14579,PS3,2015,Action,0.03
2542,PS4,2015,Misc,0.81
8846,PS3,2015,Action,0.15
14581,PSV,2015,Action,0.03
14589,XOne,2015,Adventure,0.03
2643,PS4,2015,Sports,0.78
14601,PSV,2015,Adventure,0.03
15001,PSV,2015,Action,0.02
14479,3DS,2015,Action,0.03
8428,XOne,2015,Shooter,0.17
8843,PS4,2015,Fighting,0.15
2367,XOne,2015,Action,0.88
15071,3DS,2015,Action,0.02
10610,XOne,2015,Sports,0.1
2523,PS3,2015,Sports,0.82
10556,XOne,2015,Sports,0.1
2459,WiiU,2015,Role-Playing,0.84
3483,PS3,2015,Sports,0.58
10519,PS4,2015,Role-Playing,0.1
2471,PS4,2015,Shooter,0.84
10581,PS4,2015,Role-Playing,0.1
15086,PS4,2015,Action,0.02
3442,WiiU,2015,Misc,0.58
3428,PS4,2015,Role-Playing,0.59
2417,3DS,2015,Role-Playing,0.86
14977,PS3,2015,Adventure,0.02
8893,PS3,2015,Action,0.15
3419,PS3,2015,Role-Playing,0.59
14545,X360,2015,Action,0.03
2409,3DS,2015,Action,0.86
14549,PSV,2015,Action,0.03
15076,X360,2015,Racing,0.02
15124,PSV,2015,Action,0.02
8414,PS4,2015,Action,0.17
3456,XOne,2015,Sports,0.58
8865,PSV,2015,Role-Playing,0.15
14978,PS4,2015,Fighting,0.02
8768,XOne,2015,Action,0.15
14972,PS3,2015,Action,0.02
3091,PS4,2015,Racing,0.66
2950,PS3,2015,Adventure,0.69
2965,3DS,2015,Misc,0.69
10752,XOne,2015,Action,0.1
15154,PS3,2015,Action,0.02
14631,PC,2015,Adventure,0.03
8676,3DS,2015,Role-Playing,0.16
10756,PC,2015,Role-Playing,0.1
2994,XOne,2015,Racing,0.68
3026,PC,2015,Role-Playing,0.67
14757,PS4,2015,Action,0.03
3035,PS4,2015,Adventure,0.67
14754,PSV,2015,Adventure,0.03
3252,XOne,2015,Shooter,0.62
10660,PS4,2015,Role-Playing,0.1
14699,3DS,2015,Action,0.03
8454,3DS,2015,Role-Playing,0.17
8528,PS4,2015,Action,0.16
10882,X360,2015,Action,0.09
14685,PSV,2015,Action,0.03
8464,PSV,2015,Action,0.16
14647,PSV,2015,Adventure,0.03
3172,PS4,2015,Action,0.64
14666,PC,2015,Racing,0.03
3212,PS4,2015,Action,0.63
10891,PS4,2015,Action,0.09
10904,PS4,2015,Action,0.09
14810,PSV,2015,Simulation,0.03
14625,3DS,2015,Strategy,0.03
8448,PS4,2015,Action,0.17
14813,PSV,2015,Adventure,0.03
8431,X360,2015,Sports,0.17
3286,PS4,2015,Sports,0.61
10671,PS3,2015,Role-Playing,0.1
8799,3DS,2015,Misc,0.15
2729,XOne,2015,Misc,0.75
2771,3DS,2015,Role-Playing,0.74
10673,PS4,2015,Action,0.1
3231,XOne,2015,Action,0.63
10702,XOne,2015,Racing,0.1
14616,PSV,2015,Role-Playing,0.03
14887,X360,2015,Action,0.03
14882,PS4,2015,Misc,0.03
14873,X360,2015,Adventure,0.03
14618,X360,2015,Action,0.03
2862,PS4,2015,Action,0.71
14859,PSV,2015,Role-Playing,0.03
14623,PS4,2015,Role-Playing,0.03
2875,PS4,2015,Role-Playing,0.71
2882,3DS,2015,Misc,0.71
10726,PS4,2015,Fighting,0.1
2894,XOne,2015,Action,0.71
14834,PS4,2015,Action,0.03
14828,3DS,2015,Misc,0.03
14820,PS3,2015,Adventure,0.03
2933,PS3,2015,Action,0.7
2979,PS4,2015,Action,0.68
6825,XOne,2015,Racing,0.24
9032,XOne,2015,Action,0.14
15740,PS3,2015,Action,0.02
9568,X360,2015,Sports,0.13
9569,PC,2015,Action,0.13
10086,3DS,2015,Action,0.11
1444,XOne,2015,Fighting,1.35
9576,PS4,2015,Action,0.13
15727,XOne,2015,Sports,0.02
9581,3DS,2015,Action,0.13
15707,XOne,2015,Adventure,0.02
15749,PSV,2015,Action,0.02
15769,PSV,2015,Action,0.02
15771,PSV,2015,Adventure,0.02
15780,PSV,2015,Action,0.02
15793,PSV,2015,Adventure,0.02
15796,X360,2015,Sports,0.02
15711,PS3,2015,Action,0.02
15691,PSV,2015,Adventure,0.02
15809,X360,2015,Sports,0.02
9511,PS4,2015,Adventure,0.13
15581,3DS,2015,Misc,0.02
1630,PC,2015,Role-Playing,1.23
10152,3DS,2015,Action,0.11
1605,XOne,2015,Role-Playing,1.24
15612,XOne,2015,Action,0.02
10119,PS3,2015,Action,0.11
1561,XOne,2015,Role-Playing,1.27
15676,PS3,2015,Action,0.02
15640,PC,2015,Action,0.02
1543,XOne,2015,Action,1.28
10112,PS4,2015,Action,0.11
1531,XOne,2015,Shooter,1.29
1526,WiiU,2015,Platform,1.29
1524,XOne,2015,Adventure,1.3
1317,XOne,2015,Action,1.45
15846,PSV,2015,Action,0.02
15157,PSV,2015,Action,0.02
999,X360,2015,Shooter,1.76
15978,PSP,2015,Action,0.02
15979,PS3,2015,Adventure,0.02
1034,PS4,2015,Role-Playing,1.72
1033,PS4,2015,Shooter,1.72
1018,XOne,2015,Racing,1.74
9918,PSV,2015,Action,0.12
9916,PS4,2015,Sports,0.12
15969,PSV,2015,Strategy,0.02
967,PS3,2015,Shooter,1.79
9905,WiiU,2015,Action,0.12
16037,XOne,2015,Sports,0.01
947,PS4,2015,Action,1.83
16043,PS4,2015,Role-Playing,0.01
16064,3DS,2015,Action,0.01
1063,X360,2015,Sports,1.69
15953,PSV,2015,Action,0.02
10029,XOne,2015,Sports,0.11
1122,PS4,2015,Adventure,1.64
1210,3DS,2015,Role-Playing,1.54
1207,WiiU,2015,Misc,1.55
9989,PS4,2015,Role-Playing,0.12
15897,PC,2015,Simulation,0.02
15907,PSV,2015,Action,0.02
15925,PS4,2015,Action,0.02
15930,PSP,2015,Action,0.02
1097,PS4,2015,Action,1.66
15932,PSV,2015,Adventure,0.02
15939,PS3,2015,Action,0.02
9727,PS4,2015,Action,0.12
9957,XOne,2015,Action,0.12
9754,PS3,2015,Sports,0.12
9780,3DS,2015,Role-Playing,0.12
15574,PC,2015,Misc,0.02
15572,PC,2015,Action,0.02
15570,3DS,2015,Action,0.02
2004,PS4,2015,Racing,1.04
14477,3DS,2015,Platform,0.03
15305,PC,2015,Action,0.02
15336,3DS,2015,Action,0.02
9230,PC,2015,Simulation,0.14
10318,3DS,2015,Puzzle,0.11
10310,PS4,2015,Sports,0.11
15352,PSV,2015,Action,0.02
2127,PS4,2015,Role-Playing,0.97
1977,PS4,2015,Fighting,1.05
9243,3DS,2015,Sports,0.14
15384,PS3,2015,Misc,0.02
10297,3DS,2015,Misc,0.11
9261,PS4,2015,Action,0.14
1896,PC,2015,Action,1.08
2123,X360,2015,Sports,0.98
2139,X360,2015,Sports,0.97
15561,PSV,2015,Action,0.02
10433,PS3,2015,Action,0.1
9037,PSV,2015,Action,0.14
2329,PS4,2015,Action,0.89
15171,PS3,2015,Action,0.02
10441,PSV,2015,Action,0.1
2285,X360,2015,Adventure,0.91
2271,PS4,2015,Sports,0.92
9103,3DS,2015,Action,0.14
15268,PS3,2015,Action,0.02
15225,PSV,2015,Adventure,0.02
2229,PS3,2015,Action,0.93
9136,PC,2015,Action,0.14
10398,WiiU,2015,Platform,0.11
2188,PS4,2015,Shooter,0.95
2171,X360,2015,Action,0.95
9304,PC,2015,Shooter,0.14
15424,PSV,2015,Adventure,0.02
10236,PS3,2015,Action,0.11
15539,PS4,2015,Puzzle,0.02
9417,3DS,2015,Action,0.13
9428,PSV,2015,Action,0.13
1737,XOne,2015,Shooter,1.17
15531,PS3,2015,Action,0.02
1702,3DS,2015,Role-Playing,1.19
10165,PC,2015,Racing,0.11
9471,XOne,2015,Misc,0.13
1850,3DS,2015,Action,1.1
15554,PSV,2015,Adventure,0.02
1673,PS4,2015,Sports,1.2
1672,XOne,2015,Shooter,1.2
1670,Wii,2015,Misc,1.2
15557,PSV,2015,Adventure,0.02
15560,PS3,2015,Action,0.02
9411,PSV,2015,Action,0.13
15495,PC,2015,Misc,0.02
15493,PSV,2015,Action,0.02
15490,3DS,2015,Strategy,0.02
15488,PSV,2015,Action,0.02
9393,PS3,2015,Sports,0.13
9371,XOne,2015,Action,0.13
15474,PS4,2015,Action,0.02
15472,PSV,2015,Action,0.02
9369,XOne,2015,Action,0.13
15469,PS3,2015,Action,0.02
9360,3DS,2015,Platform,0.13
15449,PSV,2015,Action,0.02
15446,PSV,2015,Strategy,0.02
1832,PS4,2015,Action,1.11
15442,PS4,2015,Action,0.02
15440,3DS,2015,Action,0.02
9184,3DS,2015,Action,0.14
14344,PS3,2015,Role-Playing,0.03
14467,3DS,2015,Role-Playing,0.03
12948,PS4,2015,Role-Playing,0.05
12958,XOne,2015,Action,0.05
11778,3DS,2015,Action,0.07
5725,3DS,2015,Misc,0.31
12960,PSV,2015,Role-Playing,0.05
5699,XOne,2015,Fighting,0.31
11773,3DS,2015,Misc,0.07
5691,XOne,2015,Misc,0.32
7280,PS4,2015,Action,0.22
11764,PSV,2015,Role-Playing,0.07
13004,PSV,2015,Role-Playing,0.05
13012,PS4,2015,Sports,0.05
13013,PS4,2015,Shooter,0.05
13017,PSV,2015,Platform,0.05
7290,3DS,2015,Strategy,0.22
13023,PC,2015,Fighting,0.05
11779,3DS,2015,Fighting,0.07
7268,WiiU,2015,Role-Playing,0.22
13389,X360,2015,Sports,0.05
12933,PSV,2015,Adventure,0.05
12850,PSV,2015,Action,0.05
12853,PSV,2015,Misc,0.05
12857,PSV,2015,Misc,0.05
12859,PSV,2015,Action,0.05
11843,PSV,2015,Adventure,0.07
12883,WiiU,2015,Action,0.05
12887,3DS,2015,Adventure,0.05
12891,PSV,2015,Action,0.05
7211,PC,2015,Shooter,0.22
12910,X360,2015,Sports,0.05
12916,3DS,2015,Action,0.05
5762,XOne,2015,Action,0.31
5759,PC,2015,Simulation,0.31
7254,PS4,2015,Action,0.22
7258,PS3,2015,Misc,0.22
7303,PSV,2015,Action,0.22
13025,PSV,2015,Action,0.05
7309,PS4,2015,Racing,0.22
11733,PS4,2015,Role-Playing,0.08
5345,PS4,2015,Misc,0.35
5332,PS4,2015,Simulation,0.35
7548,XOne,2015,Strategy,0.2
13260,PS4,2015,Role-Playing,0.05
11557,PSV,2015,Action,0.08
13285,PS4,2015,Action,0.05
13288,XOne,2015,Role-Playing,0.05
7561,PC,2015,Action,0.2
13298,PC,2015,Strategy,0.05
13299,PS3,2015,Sports,0.05
5226,X360,2015,Misc,0.36
13336,PS3,2015,Adventure,0.05
13340,PC,2015,Racing,0.05
13346,PS4,2015,Adventure,0.05
5157,PS4,2015,Misc,0.37
13226,3DS,2015,Action,0.05
13215,XOne,2015,Action,0.05
11590,PC,2015,Adventure,0.08
7374,X360,2015,Action,0.21
11722,PS4,2015,Platform,0.08
5585,PS3,2015,Action,0.32
11712,PSV,2015,Sports,0.08
5554,3DS,2015,Fighting,0.33
13075,PSV,2015,Adventure,0.05
13081,PSV,2015,Adventure,0.05
11702,PC,2015,Action,0.08
7486,3DS,2015,Action,0.21
11627,PS4,2015,Role-Playing,0.08
13123,PS4,2015,Adventure,0.05
13124,XOne,2015,Action,0.05
5482,PS4,2015,Fighting,0.33
13138,PS4,2015,Action,0.05
5435,X360,2015,Shooter,0.34
5872,PS4,2015,Action,0.3
5882,PS4,2015,Simulation,0.3
12830,X360,2015,Action,0.05
6961,3DS,2015,Role-Playing,0.23
12047,PC,2015,Action,0.07
12306,PSV,2015,Sports,0.06
6900,3DS,2015,Platform,0.24
12326,PS4,2015,Action,0.06
12373,3DS,2015,Puzzle,0.06
12024,PSV,2015,Misc,0.07
6465,Wii,2015,Action,0.26
12398,WiiU,2015,Misc,0.06
12020,PSV,2015,Role-Playing,0.07
6920,X360,2015,Misc,0.24
6426,XOne,2015,Action,0.27
12426,WiiU,2015,Action,0.06
6406,PS4,2015,Shooter,0.27
12431,Wii,2015,Action,0.06
6373,X360,2015,Fighting,0.27
12280,PS4,2015,Adventure,0.06
6618,PS4,2015,Platform,0.25
12071,XOne,2015,Role-Playing,0.07
6743,PC,2015,Strategy,0.25
12105,PS3,2015,Action,0.07
12115,3DS,2015,Action,0.07
12117,XOne,2015,Action,0.07
6779,PSV,2015,Action,0.24
6839,3DS,2015,Role-Playing,0.24
12142,X360,2015,Sports,0.07
12161,PS4,2015,Adventure,0.07
12076,PS4,2015,Action,0.07
12164,3DS,2015,Action,0.07
6724,PS3,2015,Action,0.25
6710,3DS,2015,Role-Playing,0.25
6701,XOne,2015,Role-Playing,0.25
6693,PS4,2015,Fighting,0.25
12197,PS4,2015,Role-Playing,0.07
12447,PS4,2015,Role-Playing,0.06
6325,PS4,2015,Role-Playing,0.27
5891,PS4,2015,Action,0.3
11997,PS3,2015,Racing,0.07
12679,PSV,2015,Adventure,0.06
11871,PS3,2015,Sports,0.07
12689,PS4,2015,Action,0.06
12692,PS4,2015,Adventure,0.06
6049,PS3,2015,Action,0.29
12726,PS4,2015,Sports,0.06
12729,PS4,2015,Action,0.06
12736,PS3,2015,Action,0.06
11865,X360,2015,Action,0.07
12782,PS4,2015,Sports,0.06
7161,XOne,2015,Role-Playing,0.22
12798,PS3,2015,Sports,0.06
12800,PS4,2015,Sports,0.06
12802,PS4,2015,Role-Playing,0.06
12821,WiiU,2015,Action,0.05
7124,PSV,2015,Action,0.23
11896,PSV,2015,Role-Playing,0.07
12638,PS3,2015,Adventure,0.06
6977,3DS,2015,Action,0.23
6291,PS4,2015,Role-Playing,0.27
12519,XOne,2015,Action,0.06
6259,PS4,2015,Action,0.28
11993,PSV,2015,Action,0.07
12545,XOne,2015,Action,0.06
12560,PSV,2015,Role-Playing,0.06
12573,PSV,2015,Role-Playing,0.06
7050,PC,2015,Shooter,0.23
6987,PC,2015,Strategy,0.23
7007,PS4,2015,Role-Playing,0.23
7019,XOne,2015,Action,0.23
7048,XOne,2015,Racing,0.23
12597,3DS,2015,Action,0.06
6175,PS3,2015,Misc,0.28
5139,PS4,2015,Action,0.37
13402,PSV,2015,Racing,0.05
14461,PSV,2015,Adventure,0.03
14080,PSV,2015,Sports,0.04
8134,PC,2015,Sports,0.18
4077,PS3,2015,Shooter,0.49
14108,3DS,2015,Misc,0.03
4026,PS3,2015,Action,0.49
11148,PS3,2015,Action,0.09
14145,PSV,2015,Role-Playing,0.03
14150,3DS,2015,Platform,0.03
3969,X360,2015,Sports,0.5
14171,PSV,2015,Role-Playing,0.03
3942,XOne,2015,Misc,0.51
14175,PSV,2015,Action,0.03
3933,PS4,2015,Action,0.51
3922,WiiU,2015,Action,0.51
14196,X360,2015,Adventure,0.03
8232,PS4,2015,Adventure,0.17
14083,PS4,2015,Action,0.04
11155,X360,2015,Action,0.09
5107,XOne,2015,Action,0.37
4125,WiiU,2015,Action,0.48
4283,X360,2015,Action,0.46
4277,XOne,2015,Action,0.46
4273,PS3,2015,Simulation,0.46
11183,PS4,2015,Action,0.09
13970,PSV,2015,Sports,0.04
8104,WiiU,2015,Misc,0.18
13985,PS3,2015,Action,0.04
13993,PS3,2015,Sports,0.04
11171,X360,2015,Platform,0.09
4200,XOne,2015,Sports,0.47
14024,PSV,2015,Role-Playing,0.04
4184,PS3,2015,Action,0.47
14044,3DS,2015,Action,0.04
4150,3DS,2015,Role-Playing,0.47
14053,3DS,2015,Strategy,0.04
3888,PC,2015,Strategy,0.51
14227,PS4,2015,Fighting,0.03
8259,PS4,2015,Action,0.17
14244,PS3,2015,Action,0.03
14379,3DS,2015,Role-Playing,0.03
14382,PSV,2015,Action,0.03
10992,3DS,2015,Action,0.09
8377,PS4,2015,Racing,0.17
3628,PS3,2015,Fighting,0.55
14394,PSV,2015,Platform,0.03
14410,XOne,2015,Racing,0.03
3593,3DS,2015,Role-Playing,0.56
8391,PSV,2015,Role-Playing,0.17
14432,PSV,2015,Adventure,0.03
14437,PSV,2015,Action,0.03
14438,PSV,2015,Action,0.03
14439,PC,2015,Action,0.03
10961,X360,2015,Action,0.09
3558,X360,2015,Action,0.56
8354,PS4,2015,Sports,0.17
14374,PS3,2015,Fighting,0.03
14359,3DS,2015,Action,0.03
3755,PC,2015,Shooter,0.54
14248,PS3,2015,Action,0.03
14268,WiiU,2015,Misc,0.03
3785,WiiU,2015,Platform,0.53
11075,PS4,2015,Action,0.09
3778,WiiU,2015,Action,0.53
14291,3DS,2015,Role-Playing,0.03
14319,Wii,2015,Action,0.03
14358,PSV,2015,Action,0.03
3711,PS4,2015,Action,0.54
3710,XOne,2015,Adventure,0.54
3707,PS3,2015,Action,0.54
14336,PS3,2015,Role-Playing,0.03
12103,PS4,2015,Strategy,0.07
14350,PSV,2015,Action,0.03
13954,3DS,2015,Action,0.04
4287,PSV,2015,Role-Playing,0.46
4299,3DS,2015,Puzzle,0.46
4657,WiiU,2015,Misc,0.42
4872,X360,2015,Adventure,0.4
13554,3DS,2015,Action,0.04
13566,PC,2015,Sports,0.04
7729,PS4,2015,Shooter,0.2
7768,PC,2015,Simulation,0.19
4769,XOne,2015,Shooter,0.41
7782,3DS,2015,Action,0.19
11382,PS4,2015,Action,0.08
4717,PSV,2015,Action,0.41
4704,X360,2015,Simulation,0.41
13649,PS3,2015,Fighting,0.04
4698,PS3,2015,Shooter,0.41
7832,XOne,2015,Simulation,0.19
13653,3DS,2015,Action,0.04
13676,PS4,2015,Fighting,0.04
4884,PS3,2015,Action,0.39
11464,PC,2015,Action,0.08
905,PS4,2015,Shooter,1.91
5002,X360,2015,Shooter,0.38
11552,WiiU,2015,Action,0.08
13411,PS3,2015,Action,0.05
13414,PS3,2015,Role-Playing,0.05
11540,PSV,2015,Action,0.08
7607,XOne,2015,Action,0.2
5024,PS4,2015,Role-Playing,0.38
4996,PSV,2015,Role-Playing,0.38
11473,PSP,2015,Action,0.08
13473,PSV,2015,Role-Playing,0.04
13475,PSV,2015,Action,0.04
4975,PS4,2015,Action,0.38
13484,PSV,2015,Role-Playing,0.04
7632,PS4,2015,Sports,0.2
11482,PS4,2015,Role-Playing,0.08
11361,PS3,2015,Racing,0.08
4628,PS4,2015,Action,0.42
4307,PSV,2015,Misc,0.46
7866,3DS,2015,Action,0.19
4400,WiiU,2015,Sports,0.45
13879,X360,2015,Action,0.04
8027,PC,2015,Shooter,0.18
11212,PC,2015,Strategy,0.09
13887,3DS,2015,Action,0.04
13910,PC,2015,Action,0.04
4361,PS4,2015,Action,0.45
13916,PC,2015,Strategy,0.04
13918,3DS,2015,Action,0.04
4352,PS3,2015,Sports,0.45
8075,PC,2015,Action,0.18
13923,XOne,2015,Sports,0.04
13930,PC,2015,Simulation,0.04
13931,3DS,2015,Adventure,0.04
13936,PSV,2015,Misc,0.04
11241,XOne,2015,Sports,0.09
11252,3DS,2015,Action,0.08
13867,3DS,2015,Puzzle,0.04
13838,PSV,2015,Action,0.04
11327,3DS,2015,Adventure,0.08
4510,XOne,2015,Misc,0.43
7899,PSV,2015,Action,0.19
13830,PS3,2015,Action,0.04
13832,PS3,2015,Action,0.04
13836,PC,2015,Simulation,0.04
11305,XOne,2015,Fighting,0.08
13864,PSV,2015,Role-Playing,0.04
11297,PS4,2015,Action,0.08
13854,PS4,2015,Role-Playing,0.04
7940,PSV,2015,Action,0.19
13858,XOne,2015,Adventure,0.04
4420,WiiU,2015,Action,0.44
4417,X360,2015,Action,0.44
16072,3DS,2015,Simulation,0.01
4928,PS3,2015,Sports,0.39
235,WiiU,2015,Shooter,4.57
650,PS4,2015,Racing,2.39
16477,PSV,2015,Action,0.01
553,PS4,2015,Fighting,2.7
16104,WiiU,2015,Action,0.01
16471,X360,2015,Racing,0.01
243,PS4,2015,Action,4.47
16460,3DS,2015,Action,0.01
16459,PC,2015,Sports,0.01
16456,WiiU,2015,Misc,0.01
645,XOne,2015,Sports,2.4
260,XOne,2015,Shooter,4.26
16452,XOne,2015,Action,0.01
287,XOne,2015,Role-Playing,4.09
16266,PSV,2015,Adventure,0.01
33,PS4,2015,Shooter,14.24
16200,PSV,2015,Action,0.01
16274,PC,2015,Action,0.01
314,PS4,2015,Sports,3.85
322,PS4,2015,Action,3.79
699,3DS,2015,Action,2.28
16357,WiiU,2015,Puzzle,0.01
429,WiiU,2015,Platform,3.18
331,PS4,2015,Role-Playing,3.73
16416,PS3,2015,Adventure,0.01
660,PS4,2015,Action,2.38
16565,PSV,2015,Platform,0.01
16106,PS3,2015,Action,0.01
467,XOne,2015,Shooter,3.0
16234,XOne,2015,Adventure,0.01
16548,PSV,2015,Action,0.01
16119,PSV,2015,Adventure,0.01
101,XOne,2015,Shooter,7.3
16296,WiiU,2015,Action,0.01
16542,3DS,2015,Misc,0.01
16298,PS3,2015,Fighting,0.01
109,PS4,2015,Role-Playing,6.96
77,PS4,2015,Sports,8.49
16303,PSV,2015,Action,0.01
16528,3DS,2015,Adventure,0.01
513,PS3,2015,Sports,2.85
16311,PSV,2015,Strategy,0.01
797,PS4,2015,Shooter,2.09
16139,PSV,2015,Action,0.01
16146,PSV,2015,Action,0.01
16324,PSV,2015,Action,0.01
16326,WiiU,2015,Role-Playing,0.01
16499,PSV,2015,Action,0.01
16109,PC,2015,Action,0.01
758,PS4,2015,Shooter,2.15
476,3DS,2015,Simulation,2.98
16286,PC,2015,Strategy,0.01
16333,PS4,2015,Adventure,0.01
16391,X360,2015,Sports,0.01
92,PS4,2015,Shooter,7.67
378,XOne,2015,Shooter,3.49
16363,PC,2015,Action,0.01
414,3DS,2015,Action,3.26
418,PS4,2015,Sports,3.22
681,XOne,2015,Sports,2.32
16361,PC,2015,Strategy,0.01
680,3DS,2015,Action,2.32
416,XOne,2015,Sports,3.23
16075,PSV,2015,Action,0.01
409,PS4,2015,Action,3.28
395,PS4,2015,Action,3.38
7682,PC,2014,Role-Playing,0.2
478,PC,2014,Simulation,2.97
7858,PSV,2014,Role-Playing,0.19
1836,XOne,2014,Shooter,1.11
4505,PS4,2014,Racing,0.43
168,PS3,2014,Misc,5.42
15432,3DS,2014,Action,0.02
4515,PS4,2014,Action,0.43
4549,XOne,2014,Action,0.43
15422,PS3,2014,Adventure,0.02
11452,3DS,2014,Adventure,0.08
7747,PS4,2014,Role-Playing,0.19
16505,XOne,2014,Misc,0.01
7658,X360,2014,Adventure,0.2
14615,PSV,2014,Adventure,0.03
11430,3DS,2014,Action,0.08
3287,PS4,2014,Shooter,0.61
7686,XOne,2014,Action,0.2
13779,PS4,2014,Strategy,0.04
15413,PSP,2014,Adventure,0.02
15450,DS,2014,Action,0.02
1824,X360,2014,Action,1.12
11273,PS3,2014,Action,0.08
8025,PS4,2014,Action,0.18
11236,WiiU,2014,Misc,0.09
8009,PS4,2014,Racing,0.18
1760,X360,2014,Shooter,1.16
154,PS4,2014,Shooter,5.65
5362,XOne,2014,Action,0.34
16317,3DS,2014,Adventure,0.01
7982,PSV,2014,Role-Playing,0.19
7975,XOne,2014,Misc,0.19
11264,PSV,2014,Role-Playing,0.08
11265,PS4,2014,Action,0.08
11283,X360,2014,Racing,0.08
13770,XOne,2014,Action,0.04
494,XOne,2014,Shooter,2.9
7938,PS4,2014,Misc,0.19
2920,WiiU,2014,Action,0.7
7914,PSV,2014,Role-Playing,0.19
11300,X360,2014,Role-Playing,0.08
16322,PSV,2014,Adventure,0.01
1808,PS4,2014,Sports,1.13
1812,PS4,2014,Shooter,1.13
2987,PS4,2014,Action,0.68
5409,XOne,2014,Platform,0.34
13825,PC,2014,Action,0.04
13771,3DS,2014,Adventure,0.04
4562,PS4,2014,Action,0.43
11488,X360,2014,Fighting,0.08
2051,PS3,2014,Action,1.01
2990,PS4,2014,Shooter,0.68
15331,PS3,2014,Role-Playing,0.02
2038,PS3,2014,Action,1.02
2041,WiiU,2014,Action,1.01
14778,PC,2014,Racing,0.03
11682,3DS,2014,Action,0.08
4630,XOne,2014,Action,0.42
7387,3DS,2014,Action,0.21
7384,PS4,2014,Action,0.21
11701,PSV,2014,Role-Playing,0.08
197,XOne,2014,Action,5.08
2053,PS4,2014,Platform,1.01
15393,PSV,2014,Role-Playing,0.02
7368,PS3,2014,Racing,0.21
7339,XOne,2014,Action,0.21
2901,PS3,2014,Sports,0.71
16169,PSV,2014,Adventure,0.01
203,WiiU,2014,Fighting,5.02
7311,XOne,2014,Role-Playing,0.22
11757,3DS,2014,Role-Playing,0.07
471,PS4,2014,Action,2.99
661,PS4,2014,Sports,2.38
3219,XOne,2014,Racing,0.63
2116,PS3,2014,Role-Playing,0.98
7452,PSV,2014,Action,0.21
7453,PSV,2014,Platform,0.21
3247,PC,2014,Shooter,0.62
760,XOne,2014,Sports,2.15
14582,3DS,2014,Misc,0.03
3273,PS4,2014,Misc,0.62
16500,PSP,2014,Adventure,0.01
11523,PS3,2014,Role-Playing,0.08
11527,XOne,2014,Adventure,0.08
14827,WiiU,2014,Action,0.03
13759,PS4,2014,Action,0.04
3265,PS3,2014,Action,0.62
1964,X360,2014,Action,1.05
1967,Wii,2014,Action,1.05
16161,PSV,2014,Platform,0.01
11566,X360,2014,Action,0.08
7538,PS3,2014,Role-Playing,0.2
11574,PS3,2014,Adventure,0.08
7509,XOne,2014,Sports,0.2
15350,WiiU,2014,Shooter,0.02
193,XOne,2014,Shooter,5.13
14830,PSV,2014,Misc,0.03
7494,PS4,2014,Adventure,0.21
3251,PS3,2014,Sports,0.62
11600,PS4,2014,Sports,0.08
2012,PS4,2014,Sports,1.04
14816,3DS,2014,Strategy,0.03
16250,PS3,2014,Platform,0.01
8041,XOne,2014,Misc,0.18
8572,XOne,2014,Action,0.16
1485,PS3,2014,Role-Playing,1.32
1487,PS3,2014,Role-Playing,1.32
1488,X360,2014,Action,1.32
8632,PS3,2014,Fighting,0.16
15689,PSV,2014,Adventure,0.02
2972,XOne,2014,Shooter,0.68
8598,PC,2014,Racing,0.16
10805,3DS,2014,Action,0.1
10808,PS4,2014,Role-Playing,0.1
10811,3DS,2014,Sports,0.1
4210,X360,2014,Sports,0.47
15664,PS4,2014,Misc,0.02
1482,XOne,2014,Action,1.32
2953,PS3,2014,Action,0.69
14792,PSV,2014,Adventure,0.03
10838,PC,2014,Role-Playing,0.09
1539,X360,2014,Action,1.28
1541,PS4,2014,Action,1.28
8535,X360,2014,Racing,0.16
8527,X360,2014,Sports,0.16
15646,PS3,2014,Sports,0.02
15641,PSV,2014,Adventure,0.02
10864,WiiU,2014,Action,0.09
4244,PC,2014,Shooter,0.46
4173,WiiU,2014,Action,0.47
4168,X360,2014,Sports,0.47
11215,PS3,2014,Action,0.09
538,PS4,2014,Action,2.78
3457,PC,2014,Shooter,0.58
1416,XOne,2014,Racing,1.37
10695,PC,2014,Racing,0.1
93,PS4,2014,Shooter,7.6
1422,PS3,2014,Sports,1.36
8765,PS3,2014,Action,0.15
10697,PSV,2014,Adventure,0.1
3454,XOne,2014,Sports,0.58
1430,3DS,2014,Platform,1.36
8753,X360,2014,Action,0.15
842,X360,2014,Sports,2.02
8747,3DS,2014,Simulation,0.15
8673,PS4,2014,Fighting,0.16
4091,3DS,2014,Sports,0.48
4107,PC,2014,Action,0.48
3446,PS4,2014,Sports,0.58
4122,PC,2014,Simulation,0.48
97,3DS,2014,Fighting,7.45
4135,X360,2014,Role-Playing,0.48
14052,WiiU,2014,Action,0.04
8692,XOne,2014,Adventure,0.16
5287,3DS,2014,Role-Playing,0.35
4163,PS3,2014,Fighting,0.47
836,PS4,2014,Sports,2.03
15639,PC,2014,Action,0.02
108,WiiU,2014,Racing,6.96
410,XOne,2014,Shooter,3.28
13928,PS3,2014,Adventure,0.04
8233,XOne,2014,Misc,0.17
11096,PSP,2014,Sports,0.09
4317,PS4,2014,Adventure,0.45
8224,PSV,2014,Action,0.17
16131,PSP,2014,Misc,0.01
3359,XOne,2014,Action,0.6
11133,PSV,2014,Action,0.09
8158,PSV,2014,Role-Playing,0.18
4333,PC,2014,Action,0.45
1687,WiiU,2014,Puzzle,1.19
8143,PS4,2014,Action,0.18
419,3DS,2014,Role-Playing,3.22
13977,PSV,2014,Role-Playing,0.04
3351,PS4,2014,Action,0.6
15532,WiiU,2014,Action,0.02
8117,PC,2014,Role-Playing,0.18
11178,X360,2014,Action,0.09
16519,PSP,2014,Misc,0.01
8084,PSV,2014,Fighting,0.18
8081,PS3,2014,Fighting,0.18
8074,PSV,2014,Role-Playing,0.18
11203,X360,2014,Action,0.09
4368,3DS,2014,Sports,0.45
13148,X360,2014,Action,0.05
4314,3DS,2014,Action,0.45
11088,X360,2014,Racing,0.09
4309,XOne,2014,Action,0.45
2941,X360,2014,Sports,0.69
1574,WiiU,2014,Action,1.26
10901,3DS,2014,Role-Playing,0.09
8473,PS3,2014,Role-Playing,0.16
10917,PSV,2014,Action,0.09
13967,PSV,2014,Racing,0.04
8447,PS3,2014,Sports,0.17
8443,PC,2014,Role-Playing,0.17
8430,3DS,2014,Action,0.17
8427,3DS,2014,Role-Playing,0.17
4266,XOne,2014,Sports,0.46
124,PS4,2014,Sports,6.59
16302,PSV,2014,Puzzle,0.01
13955,PS3,2014,Role-Playing,0.04
1617,PC,2014,Simulation,1.23
2942,3DS,2014,Action,0.69
13953,XOne,2014,Action,0.04
13952,PSV,2014,Role-Playing,0.04
8328,X360,2014,Action,0.17
3376,PS4,2014,Action,0.6
11035,WiiU,2014,Adventure,0.09
15582,PSV,2014,Racing,0.02
8280,PSV,2014,Action,0.17
15577,PSV,2014,Misc,0.02
2119,X360,2014,Shooter,0.98
11804,X360,2014,Simulation,0.07
11795,3DS,2014,Role-Playing,0.07
12610,PSV,2014,Adventure,0.06
5577,PS3,2014,Fighting,0.32
16430,PSV,2014,Adventure,0.01
6210,PSV,2014,Action,0.28
308,3DS,2014,Role-Playing,3.89
6199,PS3,2014,Misc,0.28
15021,Wii,2014,Action,0.02
12595,X360,2014,Role-Playing,0.06
5058,PS4,2014,Misc,0.38
12607,PSV,2014,Fighting,0.06
12608,3DS,2014,Role-Playing,0.06
2614,3DS,2014,Role-Playing,0.79
12612,3DS,2014,Role-Playing,0.06
304,PS4,2014,Action,3.92
13050,PC,2014,Adventure,0.05
16423,3DS,2014,Adventure,0.01
13426,PSP,2014,Action,0.05
5069,PS3,2014,Fighting,0.38
6118,XOne,2014,Action,0.28
5087,PS3,2014,Shooter,0.37
16204,PSV,2014,Adventure,0.01
12678,WiiU,2014,Action,0.06
2830,PS4,2014,Role-Playing,0.72
6071,PC,2014,Shooter,0.29
13046,X360,2014,Shooter,0.05
12562,Wii,2014,Action,0.06
13445,PSV,2014,Adventure,0.05
4702,X360,2014,Shooter,0.41
439,XOne,2014,Shooter,3.15
12421,3DS,2014,Adventure,0.06
6411,PS3,2014,Adventure,0.27
5556,XOne,2014,Shooter,0.33
13070,PS4,2014,Role-Playing,0.05
6407,3DS,2014,Action,0.27
12440,PS4,2014,Action,0.06
713,PSV,2014,Misc,2.25
6362,XOne,2014,Action,0.27
295,PS4,2014,Shooter,4.03
3098,XOne,2014,Action,0.65
5013,PS3,2014,Sports,0.38
3094,WiiU,2014,Action,0.65
6266,Wii,2014,Adventure,0.27
6334,PS4,2014,Adventure,0.27
6329,PS3,2014,Action,0.27
12474,PS3,2014,Strategy,0.06
12484,3DS,2014,Action,0.06
297,PS4,2014,Misc,4.02
5572,PSV,2014,Action,0.33
16201,X360,2014,Adventure,0.01
2549,PS3,2014,Action,0.81
6298,PC,2014,Action,0.27
12518,PSV,2014,Role-Playing,0.06
12527,X360,2014,Fighting,0.06
12688,PC,2014,Action,0.06
5613,PS4,2014,Action,0.32
13408,PSV,2014,Role-Playing,0.05
13364,PSV,2014,Puzzle,0.05
5876,PS4,2014,Action,0.3
16410,PS3,2014,Fighting,0.01
5150,PC,2014,Strategy,0.37
5840,WiiU,2014,Action,0.3
5827,X360,2014,Shooter,0.3
5826,PS3,2014,Action,0.3
2756,WiiU,2014,Misc,0.75
2757,X360,2014,Shooter,0.75
2758,PS3,2014,Platform,0.75
16406,PC,2014,Action,0.01
3028,PS4,2014,Action,0.67
12918,PSV,2014,Strategy,0.05
14985,PSV,2014,Action,0.02
14911,PSV,2014,Adventure,0.02
5763,3DS,2014,Action,0.31
12940,PS3,2014,Racing,0.05
3018,XOne,2014,Shooter,0.67
5739,XOne,2014,Action,0.31
5726,3DS,2014,Strategy,0.31
13361,PSV,2014,Adventure,0.05
5713,PS3,2014,Shooter,0.31
14760,XOne,2014,Sports,0.03
14763,PS3,2014,Adventure,0.03
2808,PC,2014,Role-Playing,0.73
5877,PSV,2014,Action,0.3
5145,3DS,2014,Misc,0.37
13391,PSV,2014,Action,0.05
12805,PS4,2014,Strategy,0.06
6043,3DS,2014,Action,0.29
2667,PSV,2014,Role-Playing,0.77
698,Wii,2014,Misc,2.28
13407,3DS,2014,Role-Playing,0.05
12711,PSV,2014,Role-Playing,0.06
5616,X360,2014,Shooter,0.32
14974,PS3,2014,Action,0.02
14971,PS4,2014,Role-Playing,0.02
3054,WiiU,2014,Action,0.66
2688,PS3,2014,Shooter,0.76
12751,PS3,2014,Role-Playing,0.06
5976,PS3,2014,Action,0.29
5971,PSV,2014,Action,0.29
2701,PS4,2014,Sports,0.76
5953,X360,2014,Action,0.3
14764,X360,2014,Shooter,0.03
3047,PS3,2014,Shooter,0.67
381,XOne,2014,Action,3.46
5921,PSV,2014,Role-Playing,0.3
14948,PSP,2014,Action,0.02
2716,Wii,2014,Sports,0.76
2720,X360,2014,Role-Playing,0.76
5911,PC,2014,Sports,0.3
4959,PS3,2014,Sports,0.39
2486,PSV,2014,Shooter,0.83
12405,3DS,2014,Simulation,0.06
2265,PS3,2014,Action,0.92
1413,PS3,2014,Action,1.37
2238,X360,2014,Action,0.93
4782,3DS,2014,Simulation,0.4
11978,3DS,2014,Adventure,0.07
236,PS4,2014,Action,4.55
4786,PSV,2014,Misc,0.4
3181,PS3,2014,Action,0.64
13598,3DS,2014,Action,0.04
5215,PC,2014,Action,0.36
16470,PSV,2014,Misc,0.01
2263,PS4,2014,Action,0.92
4800,PS3,2014,Action,0.4
13103,PC,2014,Action,0.05
244,PS3,2014,Shooter,4.45
12017,3DS,2014,Puzzle,0.07
6923,PS4,2014,Action,0.24
15193,PS3,2014,Simulation,0.02
6891,PS4,2014,Action,0.24
2292,XOne,2014,Role-Playing,0.91
6890,3DS,2014,Action,0.24
4814,XOne,2014,Misc,0.4
12046,PS3,2014,Shooter,0.07
4816,XOne,2014,Sports,0.4
12058,XOne,2014,Action,0.07
7025,WiiU,2014,Action,0.23
11937,PSV,2014,Adventure,0.07
5502,PS3,2014,Fighting,0.33
7040,X360,2014,Fighting,0.23
13000,PS3,2014,Role-Playing,0.05
7222,X360,2014,Adventure,0.22
7216,PS3,2014,Adventure,0.22
15284,PS3,2014,Sports,0.02
7202,PS3,2014,Action,0.22
16216,PSP,2014,Action,0.01
219,PS3,2014,Sports,4.82
11844,XOne,2014,Adventure,0.07
4732,PSV,2014,Action,0.41
4740,PC,2014,Shooter,0.41
2177,X360,2014,Role-Playing,0.95
16380,3DS,2014,Action,0.01
15253,PSV,2014,Misc,0.02
15252,PS3,2014,Adventure,0.02
7130,PS3,2014,Role-Playing,0.23
11885,X360,2014,Misc,0.07
2192,X360,2014,Action,0.95
5488,WiiU,2014,Action,0.33
11905,WiiU,2014,Adventure,0.07
13624,PSV,2014,Adventure,0.04
643,XOne,2014,Misc,2.41
7057,PS4,2014,Sports,0.23
3187,X360,2014,Misc,0.63
12070,3DS,2014,Action,0.07
2868,3DS,2014,Role-Playing,0.71
6445,X360,2014,Racing,0.26
2443,PS3,2014,Sports,0.85
13524,PS3,2014,Puzzle,0.04
3128,PS3,2014,Role-Playing,0.65
12310,PSV,2014,Action,0.06
2427,X360,2014,Racing,0.85
6553,X360,2014,Racing,0.26
6552,PS3,2014,Action,0.26
12332,PC,2014,Action,0.06
6536,X360,2014,Action,0.26
12339,PSV,2014,Action,0.06
6531,PS3,2014,Action,0.26
12345,X360,2014,Adventure,0.06
12359,3DS,2014,Action,0.06
12082,PS3,2014,Action,0.07
6508,3DS,2014,Action,0.26
2452,PS4,2014,Action,0.84
12368,3DS,2014,Action,0.06
13520,PSV,2014,Action,0.04
449,X360,2014,Sports,3.11
6471,PSV,2014,Fighting,0.26
280,PS4,2014,Action,4.14
16443,PSP,2014,Adventure,0.01
6459,PSV,2014,Misc,0.26
2475,PSV,2014,Sports,0.84
3111,PS4,2014,Sports,0.65
12287,PSV,2014,Action,0.06
3136,XOne,2014,Role-Playing,0.64
12264,PC,2014,Action,0.06
6630,PS3,2014,Misc,0.25
12097,PSV,2014,Sports,0.07
2315,PC,2014,Role-Playing,0.9
257,X360,2014,Shooter,4.31
6793,PSV,2014,Adventure,0.24
13092,PSV,2014,Role-Playing,0.05
6778,XOne,2014,Racing,0.24
4852,WiiU,2014,Sports,0.4
6764,3DS,2014,Adventure,0.25
12145,3DS,2014,Role-Playing,0.07
16453,3DS,2014,Action,0.01
12167,3DS,2014,Action,0.07
12182,WiiU,2014,Action,0.07
16451,PS3,2014,Adventure,0.01
12193,PSV,2014,Role-Playing,0.07
15145,PC,2014,Role-Playing,0.02
12216,WiiU,2014,Action,0.07
16215,PS3,2014,Action,0.01
12218,3DS,2014,Strategy,0.07
15140,PSV,2014,Misc,0.02
12227,PC,2014,Sports,0.07
15138,PC,2014,Shooter,0.02
12235,3DS,2014,Adventure,0.07
12243,3DS,2014,Misc,0.07
6948,PS4,2014,Adventure,0.24
11512,X360,2014,Fighting,0.08
3943,PS3,2014,Shooter,0.51
10499,PS3,2014,Role-Playing,0.1
16114,XOne,2014,Adventure,0.01
10098,PS4,2014,Action,0.11
1058,XOne,2014,Sports,1.69
14275,PS3,2014,Role-Playing,0.03
9001,PSV,2014,Action,0.14
9007,3DS,2014,Sports,0.14
10123,X360,2014,Adventure,0.11
9009,PSV,2014,Role-Playing,0.14
15961,PSV,2014,Simulation,0.02
3816,XOne,2014,Misc,0.53
14259,3DS,2014,Role-Playing,0.03
9473,PS3,2014,Fighting,0.13
871,X360,2014,Shooter,1.95
561,3DS,2014,Role-Playing,2.68
14243,PC,2014,Racing,0.03
9457,PS3,2014,Misc,0.13
10489,X360,2014,Action,0.1
15945,PSV,2014,Adventure,0.02
9448,PS3,2014,Adventure,0.13
3846,3DS,2014,Role-Playing,0.52
16557,PSV,2014,Adventure,0.01
10481,3DS,2014,Role-Playing,0.1
14483,PS3,2014,Shooter,0.03
44,PS4,2014,Action,11.98
4027,PSV,2014,Action,0.49
1049,PS4,2014,Racing,1.7
10072,WiiU,2014,Action,0.11
16272,PSV,2014,Adventure,0.01
1365,PS4,2014,Action,1.41
10579,X360,2014,Racing,0.1
8906,PS4,2014,Action,0.15
848,PS4,2014,Racing,2.0
8925,PSV,2014,Adventure,0.15
16007,PSV,2014,Role-Playing,0.01
3729,X360,2014,Action,0.54
10560,PS3,2014,Action,0.1
8937,PS4,2014,Action,0.15
891,PS3,2014,Action,1.93
4044,3DS,2014,Misc,0.49
9638,PS3,2014,Action,0.13
9637,PSV,2014,Role-Playing,0.13
8945,PSV,2014,Adventure,0.15
9632,3DS,2014,Adventure,0.13
1022,PS4,2014,Role-Playing,1.74
1024,PS3,2014,Shooter,1.73
15988,X360,2014,Sports,0.01
10053,WiiU,2014,Misc,0.11
1337,PS3,2014,Shooter,1.44
10057,3DS,2014,Puzzle,0.11
8960,PC,2014,Shooter,0.15
16099,PSV,2014,Adventure,0.01
3882,XOne,2014,Action,0.51
9734,3DS,2014,Misc,0.12
3970,X360,2014,Action,0.5
16107,PSV,2014,Adventure,0.01
15829,3DS,2014,Adventure,0.02
9264,PS3,2014,Misc,0.14
10306,X360,2014,Action,0.11
1202,XOne,2014,Action,1.55
14469,PC,2014,Role-Playing,0.03
9225,PS3,2014,Fighting,0.14
15863,3DS,2014,Action,0.02
10329,XOne,2014,Action,0.11
14470,PSV,2014,Adventure,0.03
10394,PSV,2014,Action,0.11
15839,PS3,2014,Adventure,0.02
9406,3DS,2014,Adventure,0.13
10391,PSV,2014,Fighting,0.11
15857,PSV,2014,Adventure,0.02
1227,WiiU,2014,Platform,1.52
10386,3DS,2014,Role-Playing,0.11
9197,XOne,2014,Adventure,0.14
14472,WiiU,2014,Misc,0.03
9191,PS3,2014,Sports,0.14
16560,PSV,2014,Adventure,0.01
14142,PS4,2014,Sports,0.03
858,PS4,2014,Role-Playing,1.97
1241,XOne,2014,Sports,1.51
15881,PSV,2014,Adventure,0.02
9288,PSV,2014,Sports,0.14
9292,PS3,2014,Role-Playing,0.14
10406,PSV,2014,Role-Playing,0.11
15923,PC,2014,Role-Playing,0.02
1130,X360,2014,Sports,1.63
3892,PS4,2014,Role-Playing,0.51
10468,PS3,2014,Adventure,0.1
14207,3DS,2014,Action,0.03
16567,3DS,2014,Action,0.01
4012,X360,2014,Action,0.5
14481,3DS,2014,Action,0.03
14124,3DS,2014,Simulation,0.03
15908,3DS,2014,Adventure,0.02
1147,XOne,2014,Shooter,1.61
10224,PC,2014,Action,0.11
49,3DS,2014,Role-Playing,11.33
10226,PS3,2014,Adventure,0.11
10232,PSV,2014,Action,0.11
9086,PS3,2014,Action,0.14
14183,PS3,2014,Racing,0.03
1168,PS4,2014,Shooter,1.58
10434,PS3,2014,Action,0.1
9313,XOne,2014,Sports,0.14
9112,WiiU,2014,Action,0.14
15825,WiiU,2014,Puzzle,0.02
3995,XOne,2014,Shooter,0.5
9967,PSV,2014,Action,0.12
14274,PC,2014,Action,0.03
9892,3DS,2014,Fighting,0.12
10667,PS3,2014,Racing,0.1
1403,X360,2014,Shooter,1.38
9910,PSV,2014,Sports,0.12
14392,PSV,2014,Adventure,0.03
8850,PSV,2014,Role-Playing,0.15
3664,PS4,2014,Action,0.55
3613,XOne,2014,Sports,0.56
929,PS4,2014,Platform,1.86
8811,PSV,2014,Action,0.15
8854,PSV,2014,Role-Playing,0.15
9746,PS3,2014,Racing,0.12
9797,PS3,2014,Role-Playing,0.12
16032,PSP,2014,Adventure,0.01
10658,PS3,2014,Fighting,0.1
3687,PS3,2014,Action,0.54
957,PS4,2014,Action,1.81
14399,PS3,2014,Role-Playing,0.03
9944,PSV,2014,Role-Playing,0.12
9768,PS3,2014,Action,0.12
9902,PC,2014,Simulation,0.12
9890,X360,2014,Adventure,0.12
9936,PSV,2014,Misc,0.12
3631,X360,2014,Role-Playing,0.55
951,3DS,2014,Platform,1.82
4065,PS3,2014,Racing,0.49
3656,PC,2014,Action,0.55
14095,PC,2014,Role-Playing,0.04
9867,PS3,2014,Role-Playing,0.12
1371,PS3,2014,Sports,1.41
9956,PSV,2014,Role-Playing,0.12
9924,PS3,2014,Action,0.12
8847,XOne,2014,Misc,0.15
15763,PC,2014,Role-Playing,0.02
14375,PS3,2014,Sports,0.03
9735,PSV,2014,Fighting,0.12
6994,PS3,2013,Action,0.23
7034,PSP,2013,Sports,0.23
234,3DS,2013,Action,4.58
13607,PS3,2013,Fighting,0.04
14687,PS3,2013,Action,0.03
14191,3DS,2013,Strategy,0.03
16178,PS3,2013,Platform,0.01
13131,PSV,2013,Role-Playing,0.05
5242,PC,2013,Strategy,0.36
2348,WiiU,2013,Sports,0.89
14373,PSP,2013,Adventure,0.03
4792,WiiU,2013,Role-Playing,0.4
6975,XOne,2013,Misc,0.23
675,Wii,2013,Platform,2.34
9361,PSV,2013,Misc,0.13
6964,DS,2013,Platform,0.23
11936,3DS,2013,Role-Playing,0.07
3553,PS3,2013,Sports,0.57
16098,X360,2013,Action,0.01
3188,PS3,2013,Racing,0.63
9822,3DS,2013,Role-Playing,0.12
7145,X360,2013,Action,0.22
14658,PSP,2013,Adventure,0.03
7143,PS3,2013,Action,0.22
7141,PSP,2013,Role-Playing,0.22
13209,PS3,2013,Action,0.05
14818,WiiU,2013,Action,0.03
4744,WiiU,2013,Action,0.41
748,XOne,2013,Racing,2.18
2983,WiiU,2013,Platform,0.68
8790,PS3,2013,Role-Playing,0.15
10258,PSV,2013,Action,0.11
5243,PS3,2013,Shooter,0.36
11897,3DS,2013,Misc,0.07
2199,X360,2013,Misc,0.94
922,3DS,2013,Platform,1.87
2344,3DS,2013,Action,0.89
11998,PS3,2013,Strategy,0.07
3177,X360,2013,Shooter,0.64
13326,PS3,2013,Adventure,0.05
16468,3DS,2013,Role-Playing,0.01
9839,PSP,2013,Action,0.12
12022,3DS,2013,Action,0.07
13588,PS3,2013,Simulation,0.04
14215,Wii,2013,Action,0.03
401,X360,2013,Action,3.34
261,WiiU,2013,Platform,4.25
2899,PS3,2013,Shooter,0.71
16182,PSP,2013,Misc,0.01
3879,X360,2013,Fighting,0.51
15169,PS3,2013,Role-Playing,0.02
2304,PS3,2013,Shooter,0.9
2889,PC,2013,Sports,0.71
934,3DS,2013,Misc,1.85
12092,3DS,2013,Action,0.07
6826,3DS,2013,Platform,0.24
12100,PC,2013,Racing,0.07
13126,PS3,2013,Sports,0.05
6769,DS,2013,Simulation,0.25
4856,WiiU,2013,Platform,0.4
1141,X360,2013,Shooter,1.61
15204,PS3,2013,Sports,0.02
256,X360,2013,Sports,4.31
2261,3DS,2013,Adventure,0.92
6749,X360,2013,Action,0.25
2262,X360,2013,Shooter,0.92
13168,3DS,2013,Role-Playing,0.05
5416,3DS,2013,Strategy,0.34
16183,PSP,2013,Adventure,0.01
10212,Wii,2013,Misc,0.11
14367,PSP,2013,Adventure,0.03
14202,PSP,2013,Adventure,0.03
6943,X360,2013,Shooter,0.24
5218,WiiU,2013,Shooter,0.36
6936,PSP,2013,Role-Playing,0.24
5419,XOne,2013,Simulation,0.34
11858,3DS,2013,Misc,0.07
6921,WiiU,2013,Misc,0.24
3529,X360,2013,Shooter,0.57
12952,PC,2013,Shooter,0.05
749,X360,2013,Sports,2.18
15860,PC,2013,Platform,0.02
15858,PC,2013,Action,0.02
2007,XOne,2013,Action,1.04
7484,PC,2013,Shooter,0.21
5301,Wii,2013,Strategy,0.35
9883,WiiU,2013,Shooter,0.12
15340,PSP,2013,Adventure,0.02
11604,3DS,2013,Role-Playing,0.08
16240,3DS,2013,Role-Playing,0.01
5305,PS3,2013,Shooter,0.35
15861,PSP,2013,Adventure,0.02
3254,PS3,2013,Action,0.62
7434,PS3,2013,Role-Playing,0.21
13297,PC,2013,Shooter,0.05
9885,PSP,2013,Action,0.12
10326,WiiU,2013,Strategy,0.11
7408,WiiU,2013,Simulation,0.21
13246,PSV,2013,Platform,0.05
1208,XOne,2013,Action,1.54
61,X360,2013,Shooter,10.21
3634,PS3,2013,Platform,0.55
15856,PSP,2013,Misc,0.02
911,3DS,2013,Role-Playing,1.89
2170,PS3,2013,Fighting,0.96
546,PS4,2013,Action,2.74
2968,DS,2013,Platform,0.69
7608,WiiU,2013,Fighting,0.2
14622,WiiU,2013,Misc,0.03
909,PS4,2013,Racing,1.89
11525,PSV,2013,Action,0.08
13275,PSP,2013,Misc,0.05
7591,PS4,2013,Strategy,0.2
11536,DS,2013,Misc,0.08
13760,PSP,2013,Sports,0.04
2961,PC,2013,Action,0.69
11579,PSP,2013,Role-Playing,0.08
2960,PS3,2013,Action,0.69
4585,3DS,2013,Role-Playing,0.42
13273,3DS,2013,Adventure,0.05
188,3DS,2013,Simulation,5.15
5273,PS3,2013,Action,0.35
10335,WiiU,2013,Puzzle,0.11
15358,3DS,2013,Adventure,0.02
7537,PS3,2013,Role-Playing,0.2
15357,PSP,2013,Adventure,0.02
14156,3DS,2013,Action,0.03
13686,PC,2013,Shooter,0.04
15310,PS3,2013,Role-Playing,0.02
7200,PS3,2013,Action,0.22
16223,PSV,2013,Adventure,0.01
2121,PS3,2013,Action,0.98
2122,PS3,2013,Action,0.98
10290,PS3,2013,Action,0.11
16062,X360,2013,Sports,0.01
11813,PC,2013,Adventure,0.07
13304,3DS,2013,Action,0.05
7210,PS3,2013,Role-Playing,0.22
865,X360,2013,Shooter,1.96
2146,PSV,2013,Role-Playing,0.97
7336,PSV,2013,Action,0.21
11838,PS3,2013,Role-Playing,0.07
731,XOne,2013,Action,2.21
10268,PSP,2013,Role-Playing,0.11
11846,PSV,2013,Action,0.07
7182,PS3,2013,Role-Playing,0.22
15269,WiiU,2013,Shooter,0.02
11848,3DS,2013,Simulation,0.07
15266,PSP,2013,Adventure,0.02
7164,3DS,2013,Action,0.22
11791,PS3,2013,Fighting,0.07
15875,3DS,2013,Sports,0.02
11785,PSV,2013,Sports,0.07
13652,3DS,2013,Action,0.04
2070,PSV,2013,Shooter,1.0
2074,PS3,2013,Misc,1.0
2075,PS3,2013,Action,1.0
2077,PS3,2013,Action,1.0
4677,3DS,2013,Action,0.41
7318,PSV,2013,Adventure,0.21
2081,X360,2013,Action,0.99
9889,PC,2013,Shooter,0.12
2087,X360,2013,Action,0.99
7299,X360,2013,Shooter,0.22
7292,PS4,2013,Sports,0.22
7288,PS3,2013,Shooter,0.22
4682,PSV,2013,Misc,0.41
9271,PSV,2013,Sports,0.14
11772,3DS,2013,Adventure,0.07
1193,PS4,2013,Action,1.56
11782,PSV,2013,Action,0.07
11783,PSV,2013,Adventure,0.07
2108,X360,2013,Misc,0.98
454,3DS,2013,Action,3.07
4881,PS3,2013,Racing,0.39
14225,3DS,2013,Platform,0.03
6062,X360,2013,Role-Playing,0.29
2627,3DS,2013,Puzzle,0.78
386,PS4,2013,Shooter,3.43
3070,PC,2013,Misc,0.66
3069,PS3,2013,Platform,0.66
9629,3DS,2013,Strategy,0.13
14889,PS3,2013,Misc,0.03
6073,PS3,2013,Fighting,0.29
6070,3DS,2013,Misc,0.29
13412,X360,2013,Shooter,0.05
383,3DS,2013,Role-Playing,3.44
6149,WiiU,2013,Racing,0.28
6054,X360,2013,Racing,0.29
12693,X360,2013,Racing,0.06
23,X360,2013,Action,16.38
2663,XOne,2013,Sports,0.77
14316,3DS,2013,Action,0.03
6040,3DS,2013,Action,0.29
16205,X360,2013,Shooter,0.01
6015,X360,2013,Strategy,0.29
327,Wii,2013,Misc,3.76
9627,PSV,2013,Action,0.13
5183,X360,2013,Sports,0.36
1004,PS3,2013,Role-Playing,1.75
10058,PC,2013,Action,0.11
885,X360,2013,Action,1.93
3763,PS3,2013,Role-Playing,0.53
15030,PSP,2013,Adventure,0.02
12571,WiiU,2013,Action,0.06
2590,WiiU,2013,Sports,0.8
307,PS3,2013,Action,3.89
5582,PC,2013,Action,0.32
3080,PSV,2013,Action,0.66
16388,PSV,2013,Adventure,0.01
16084,PS3,2013,Role-Playing,0.01
9617,PSP,2013,Role-Playing,0.13
12602,3DS,2013,Role-Playing,0.06
6172,PS3,2013,Shooter,0.28
14766,3DS,2013,Fighting,0.03
9607,PS3,2013,Sports,0.13
14885,WiiU,2013,Sports,0.03
2616,X360,2013,Action,0.79
1029,Wii,2013,Action,1.73
5066,PSV,2013,Action,0.38
6159,PSV,2013,Platform,0.28
695,PS3,2013,Action,2.29
3615,PSV,2013,Role-Playing,0.56
13441,3DS,2013,Action,0.05
349,PS4,2013,Shooter,3.63
344,PS3,2013,Racing,3.64
982,PS3,2013,Sports,1.77
14924,PSV,2013,Adventure,0.02
981,WiiU,2013,Misc,1.77
9724,PSV,2013,Strategy,0.12
893,X360,2013,Action,1.92
978,WiiU,2013,Action,1.77
5155,PS4,2013,Platform,0.37
5819,3DS,2013,Adventure,0.31
5807,XOne,2013,Platform,0.31
3034,PC,2013,Shooter,0.67
5803,PSV,2013,Role-Playing,0.31
13370,PS3,2013,Racing,0.05
9971,X360,2013,Misc,0.12
690,X360,2013,Action,2.3
2774,WiiU,2013,Action,0.74
12914,Wii,2013,Misc,0.05
12917,3DS,2013,Action,0.05
2797,PC,2013,Shooter,0.73
365,X360,2013,Shooter,3.53
12851,PS3,2013,Action,0.05
9972,PS3,2013,Simulation,0.12
5992,PS3,2013,Shooter,0.29
336,PS3,2013,Shooter,3.69
12744,PSV,2013,Adventure,0.06
5182,X360,2013,Action,0.36
5973,WiiU,2013,Action,0.29
3727,X360,2013,Sports,0.54
12756,PSP,2013,Action,0.06
996,PS3,2013,Shooter,1.76
14330,PC,2013,Adventure,0.03
13354,X360,2013,Action,0.05
3721,PS3,2013,Role-Playing,0.54
14403,PS3,2013,Fighting,0.03
13373,PSV,2013,Adventure,0.05
9704,PSV,2013,Action,0.12
2728,PC,2013,Strategy,0.76
12822,PSP,2013,Adventure,0.05
16411,3DS,2013,Action,0.01
2735,PSV,2013,Adventure,0.75
16,PS3,2013,Action,21.4
9741,PS3,2013,Shooter,0.12
9713,WiiU,2013,Action,0.12
5867,PS3,2013,Role-Playing,0.3
2583,PS3,2013,Action,0.8
9591,WiiU,2013,Action,0.13
14352,DS,2013,Adventure,0.03
5523,X360,2013,Racing,0.33
4915,PS3,2013,Adventure,0.39
6570,PS3,2013,Action,0.26
6561,X360,2013,Shooter,0.26
1092,PC,2013,Strategy,1.67
12333,XOne,2013,Fighting,0.06
12335,PS3,2013,Adventure,0.06
14258,3DS,2013,Simulation,0.03
6530,PSV,2013,Role-Playing,0.26
1087,PS4,2013,Platform,1.67
12350,PSV,2013,Sports,0.06
15947,PS3,2013,Adventure,0.02
725,WiiU,2013,Platform,2.22
6516,3DS,2013,Role-Playing,0.26
10138,PSV,2013,Role-Playing,0.11
14702,PC,2013,Action,0.03
3814,PS3,2013,Shooter,0.53
6485,PS3,2013,Sports,0.26
6480,3DS,2013,Sports,0.26
9502,PSV,2013,Sports,0.13
15100,PSP,2013,Misc,0.02
9925,WiiU,2013,Shooter,0.12
4914,PS4,2013,Misc,0.39
16189,PC,2013,Racing,0.01
9450,X360,2013,Platform,0.13
10175,PS3,2013,Platform,0.11
13544,PS3,2013,Shooter,0.04
4878,PS3,2013,Misc,0.39
12205,PS3,2013,Role-Playing,0.07
15141,PS3,2013,Action,0.02
2377,XOne,2013,Sports,0.87
14348,PSV,2013,Role-Playing,0.03
969,PS3,2013,Adventure,1.79
13106,WiiU,2013,Platform,0.05
12228,PSV,2013,Action,0.07
3132,PC,2013,Shooter,0.64
6661,3DS,2013,Sports,0.25
14694,PSV,2013,Role-Playing,0.03
15943,PSP,2013,Action,0.02
2393,PS4,2013,Fighting,0.87
3139,PS3,2013,Shooter,0.64
12245,PSV,2013,Role-Playing,0.06
12257,PSV,2013,Strategy,0.06
9801,X360,2013,Action,0.12
5208,PSV,2013,Fighting,0.36
3811,PSV,2013,Action,0.53
2860,PS3,2013,Sports,0.71
2572,X360,2013,Shooter,0.8
12496,PC,2013,Action,0.06
2529,PS4,2013,Sports,0.82
14425,PSP,2013,Adventure,0.03
16360,PSP,2013,Adventure,0.01
5021,3DS,2013,Adventure,0.38
654,PS3,2013,Action,2.39
5190,PS3,2013,Shooter,0.36
9556,X360,2013,Shooter,0.13
16571,PSP,2013,Adventure,0.01
13450,WiiU,2013,Shooter,0.05
9778,X360,2013,Shooter,0.12
14279,3DS,2013,Simulation,0.03
2841,X360,2013,Action,0.72
6293,PS3,2013,Misc,0.27
14286,PSV,2013,Strategy,0.03
6277,Wii,2013,Misc,0.27
2561,PS3,2013,Sports,0.8
12539,3DS,2013,Role-Playing,0.06
15038,X360,2013,Adventure,0.02
14877,PSP,2013,Adventure,0.03
6239,PS3,2013,Platform,0.28
5565,WiiU,2013,Action,0.33
1060,X360,2013,Action,1.69
6460,3DS,2013,Action,0.26
16349,PSP,2013,Adventure,0.01
2478,X360,2013,Racing,0.84
6449,PS3,2013,Action,0.26
4951,PS3,2013,Sports,0.39
5539,PS3,2013,Strategy,0.33
13496,3DS,2013,Simulation,0.04
12411,3DS,2013,Shooter,0.06
4953,X360,2013,Simulation,0.39
593,PS4,2013,Shooter,2.58
1930,PS3,2013,Platform,1.07
6393,3DS,2013,Action,0.27
6353,PC,2013,Racing,0.27
15078,PSP,2013,Adventure,0.02
4977,3DS,2013,Action,0.38
4985,PSV,2013,Role-Playing,0.38
14340,PSV,2013,Role-Playing,0.03
3010,XOne,2013,Racing,0.67
16435,PSV,2013,Adventure,0.01
6365,X360,2013,Action,0.27
32,3DS,2013,Role-Playing,14.35
2518,PS3,2013,Action,0.82
11517,3DS,2013,Misc,0.08
5277,3DS,2013,Action,0.35
11150,WiiU,2013,Platform,0.09
13976,PSP,2013,Adventure,0.04
3504,3DS,2013,Role-Playing,0.57
11339,PC,2013,Simulation,0.08
16150,PSP,2013,Adventure,0.01
826,PS3,2013,Role-Playing,2.05
1821,PS3,2013,Role-Playing,1.12
8499,PS3,2013,Action,0.16
1353,3DS,2013,Role-Playing,1.42
16124,X360,2013,Action,0.01
10890,WiiU,2013,Action,0.09
7872,PC,2013,Action,0.19
7873,XOne,2013,Fighting,0.19
1811,X360,2013,Sports,1.13
7886,PSV,2013,Role-Playing,0.19
3477,PS3,2013,Fighting,0.58
8467,PSV,2013,Role-Playing,0.16
8627,X360,2013,Action,0.16
112,PS3,2013,Sports,6.9
1346,X360,2013,Action,1.43
4263,X360,2013,Action,0.46
15618,3DS,2013,Action,0.02
1590,PS3,2013,Fighting,1.25
11310,PC,2013,Shooter,0.08
11304,X360,2013,Platform,0.08
823,PS3,2013,Sports,2.05
16535,3DS,2013,Action,0.01
4429,X360,2013,Action,0.44
10446,Wii,2013,Platform,0.1
8946,3DS,2013,Action,0.15
4425,PS3,2013,Action,0.44
7917,WiiU,2013,Misc,0.19
14101,DS,2013,Sports,0.03
10571,PSP,2013,Role-Playing,0.1
15445,PS3,2013,Role-Playing,0.02
10863,3DS,2013,Platform,0.09
16120,PSV,2013,Action,0.01
15421,PSP,2013,Adventure,0.02
3992,X360,2013,Action,0.5
4056,DS,2013,Action,0.49
1869,PS3,2013,Role-Playing,1.1
67,PS3,2013,Shooter,9.59
8610,PS3,2013,Simulation,0.16
11405,3DS,2013,Fighting,0.08
4204,X360,2013,Sports,0.47
1517,PS3,2013,Action,1.3
13790,PS3,2013,Adventure,0.04
1370,X360,2013,Fighting,1.41
3297,WiiU,2013,Misc,0.61
3414,X360,2013,Shooter,0.59
7796,PSV,2013,Role-Playing,0.19
11385,3DS,2013,Action,0.08
15436,X360,2013,Shooter,0.02
11384,3DS,2013,Misc,0.08
8891,PS3,2013,Sports,0.15
10821,PSV,2013,Action,0.09
7820,XOne,2013,Sports,0.19
1843,WiiU,2013,Strategy,1.11
13990,PC,2013,Adventure,0.04
7826,PC,2013,Action,0.19
7829,PS3,2013,Action,0.19
612,PS3,2013,Action,2.51
4503,PC,2013,Sports,0.43
13806,PC,2013,Action,0.04
4051,PS3,2013,Action,0.49
14103,WiiU,2013,Action,0.03
1341,PS3,2013,Racing,1.44
7932,PS3,2013,Strategy,0.19
4312,PSV,2013,Role-Playing,0.45
14577,3DS,2013,Action,0.03
8988,PSV,2013,Action,0.15
8989,DS,2013,Action,0.15
14114,PS3,2013,Adventure,0.03
15517,PC,2013,Simulation,0.02
16112,PSP,2013,Adventure,0.01
505,XOne,2013,Shooter,2.86
72,X360,2013,Misc,9.2
8078,3DS,2013,Role-Playing,0.18
16526,PSP,2013,Adventure,0.01
8214,3DS,2013,Misc,0.17
3362,WiiU,2013,Platform,0.6
11186,PS3,2013,Platform,0.09
4358,PSV,2013,Role-Playing,0.45
1316,X360,2013,Role-Playing,1.45
8095,PC,2013,Action,0.18
3345,WiiU,2013,Action,0.6
8101,PSV,2013,Role-Playing,0.18
146,PS3,2013,Action,5.99
9008,3DS,2013,Action,0.14
8114,PC,2013,Shooter,0.18
1314,3DS,2013,Platform,1.46
856,XOne,2013,Shooter,1.98
8118,3DS,2013,Misc,0.18
1684,PS3,2013,Sports,1.19
8146,PSP,2013,Action,0.18
10497,3DS,2013,Role-Playing,0.1
16110,X360,2013,Shooter,0.01
1698,XOne,2013,Sports,1.19
8053,X360,2013,Action,0.18
8048,X360,2013,Action,0.18
493,PS4,2013,Sports,2.9
11066,PSP,2013,Adventure,0.09
15477,PSP,2013,Fighting,0.02
14104,PS3,2013,Action,0.03
14554,3DS,2013,Action,0.03
7951,3DS,2013,Misc,0.19
16301,DS,2013,Action,0.01
4410,PS3,2013,Shooter,0.44
14106,PS3,2013,Action,0.03
10977,PS3,2013,Action,0.09
14588,PSP,2013,Misc,0.03
7969,3DS,2013,Action,0.19
15816,PSV,2013,Sports,0.02
8369,Wii,2013,Simulation,0.17
1335,PC,2013,Simulation,1.44
4408,XOne,2013,Misc,0.45
8351,PSP,2013,Sports,0.17
15590,PSP,2013,Misc,0.02
4295,X360,2013,Platform,0.46
16316,PSP,2013,Adventure,0.01
820,3DS,2013,Role-Playing,2.06
10473,PS3,2013,Shooter,0.1
4032,3DS,2013,Platform,0.49
8317,PSP,2013,Action,0.17
11033,3DS,2013,Misc,0.09
1291,PS3,2013,Action,1.47
8017,PSV,2013,Adventure,0.18
13944,X360,2013,Action,0.04
11051,3DS,2013,Role-Playing,0.09
15506,PSP,2013,Adventure,0.02
8973,PSP,2013,Role-Playing,0.15
7744,PC,2013,Action,0.19
11151,3DS,2013,Role-Playing,0.09
8833,PSV,2013,Role-Playing,0.15
8710,PS4,2013,Platform,0.16
10772,PSV,2013,Fighting,0.1
10771,PSV,2013,Sports,0.1
15721,PSP,2013,Adventure,0.02
7690,WiiU,2013,Action,0.2
1909,WiiU,2013,Platform,1.08
7661,PSP,2013,Sports,0.2
9157,PSV,2013,Fighting,0.14
3988,PSV,2013,Sports,0.5
16155,PSP,2013,Adventure,0.01
7636,PS3,2013,Role-Playing,0.2
1245,3DS,2013,Role-Playing,1.51
15756,Wii,2013,Sports,0.02
10699,3DS,2013,Puzzle,0.1
15398,PS3,2013,Role-Playing,0.02
11427,3DS,2013,Misc,0.08
3461,3DS,2013,Platform,0.58
1469,X360,2013,Platform,1.33
1431,XOne,2013,Action,1.36
1917,X360,2013,Sports,1.07
1470,PS4,2013,Sports,1.33
14527,PS3,2013,Simulation,0.03
15844,PSV,2013,Adventure,0.02
3290,PS3,2013,Action,0.61
7649,PS3,2013,Sports,0.2
1478,PS3,2013,Role-Playing,1.33
4164,PS3,2013,Action,0.47
15700,3DS,2013,Action,0.02
625,X360,2013,Sports,2.47
8845,3DS,2013,Action,0.15
846,PS3,2013,Action,2.0
8671,XOne,2013,Strategy,0.16
15405,PSP,2013,Adventure,0.02
14041,3DS,2013,Misc,0.04
1386,PC,2013,Shooter,1.4
4538,Wii,2013,Sports,0.43
8836,X360,2013,Shooter,0.15
16507,PSP,2013,Adventure,0.01
15709,PSP,2013,Strategy,0.02
7728,PSV,2013,Role-Playing,0.2
15406,WiiU,2013,Fighting,0.02
10741,X360,2013,Simulation,0.1
11423,X360,2013,Action,0.08
8637,PSV,2013,Adventure,0.16
11498,PS3,2013,Adventure,0.08
